,audio_timestamp_lst,transcript_lst,ASR_module_timestamp_lst,recommendation_lst,keyword extraction,Recomm_module_timestamp_lst,label_lst,video_path_lst,ASLRetrieval_module_timestamp_lst,Recognized_objects_lst,Recognition_module_timestamp_lst,Interest_names_lst,Interest_module_timestamp_lst,total_module_timestamp_lst
0,"(0:00:05.195334, 0:00:06.845334)","Okay, bye.","('17:47:01,527', '17:47:03,167')",,,,,,,,,,,
1,"(0:00:19.470568, 0:00:22.540568)",So we're going on a field trip today.,"('17:47:14,513', '17:47:15,204')",field,trip,"('17:47:15,211', '17:47:15,349')",field,videos/ASLVideos/field.gif,"('17:47:15,355', '17:47:15,385')","('Boat',)","('17:47:15,253', '17:47:15,358')",Boat,"('17:47:15,591', '17:47:15,652')","('17:47:14,513', '17:47:15,652')"
2,"(0:00:29.390742, 0:00:32.510742)",and we're heading to the Gen-C River.,"('17:47:24,518', '17:47:25,067')",heading,river,"('17:47:25,068', '17:47:25,122')",head,videos/ASLVideos/head.gif,"('17:47:25,123', '17:47:25,142')","('Boat',)","('17:47:24,945', '17:47:25,051')",Boat,"('17:47:25,269', '17:47:25,333')","('17:47:24,518', '17:47:25,333')"
3,"(0:00:37.870886, 0:00:40.000886)",We're writing the boat.,"('17:47:31,906', '17:47:32,141')",boat,boat,"('17:47:32,143', '17:47:32,233')",boat,videos/ASLVideos/boat.gif,"('17:47:32,235', '17:47:32,245')","('Boat',)","('17:47:32,306', '17:47:32,431')",Boat,"('17:47:32,496', '17:47:32,887')","('17:47:31,906', '17:47:32,887')"
4,"(0:00:39.880924, 0:00:41.190924)",in the river.,"('17:47:33,106', '17:47:33,759')",river,river,"('17:47:33,762', '17:47:33,903')",flood,videos/ASLVideos/flood.gif,"('17:47:33,905', '17:47:33,917')","('Boat',)","('17:47:33,815', '17:47:33,885')",Boat,"('17:47:34,049', '17:47:34,132')","('17:47:33,106', '17:47:34,132')"
5,"(0:00:48.531075, 0:00:52.431075)",And it has two seats for the both of us.,"('17:47:44,413', '17:47:45,258')",seats,seats,"('17:47:45,264', '17:47:45,425')",chair,videos/ASLVideos/chair.gif,"('17:47:45,427', '17:47:45,442')","('Boat',)","('17:47:45,023', '17:47:45,192')",Boat,"('17:47:45,497', '17:47:45,667')","('17:47:44,413', '17:47:45,667')"
6,"(0:00:59.681250, 0:01:01.921250)",I can sit in the left seat.,"('17:47:53,903', '17:47:54,277')",seat,seat,"('17:47:54,278', '17:47:54,327')",chair,videos/ASLVideos/chair.gif,"('17:47:54,328', '17:47:54,342')","('Boat',)","('17:47:54,359', '17:47:54,423')",Boat,"('17:47:54,612', '17:47:54,931')","('17:47:53,903', '17:47:54,931')"
7,"(0:01:02.721309, 0:01:04.621309)",to drive the boat maybe.,"('17:47:56,610', '17:47:57,236')",boat,boat,"('17:47:57,237', '17:47:57,276')",boat,videos/ASLVideos/boat.gif,"('17:47:57,276', '17:47:57,285')","('Boat',)","('17:47:56,678', '17:47:56,853')",Boat,"('17:47:57,295', '17:47:57,375')","('17:47:56,610', '17:47:57,375')"
8,"(0:01:06.041366, 0:01:07.121366)",you,"('17:47:59,115', '17:47:59,524')",,,,,,,,,,,
9,"(0:01:06.881666, 0:01:08.001666)",you,"('17:48:00,004', '17:48:00,521')",,,,,,,,,,,
10,"(0:01:10.531448, 0:01:11.681448)",and,"('17:48:03,599', '17:48:04,199')",,,,,,,,,,,
11,"(0:01:11.411453, 0:01:12.621453)",the rice seed.,"('17:48:04,615', '17:48:05,159')",rice,,"('17:48:05,168', '17:48:05,319')",rice,videos/ASLVideos/rice.gif,"('17:48:05,321', '17:48:05,334')","('Boat',)","('17:48:05,009', '17:48:05,214')",Boat,"('17:48:05,457', '17:48:05,664')","('17:48:04,615', '17:48:05,664')"
12,"(0:01:12.430472, 0:01:13.800472)",Thanks for you.,"('17:48:05,815', '17:48:06,565')",Thanks,,"('17:48:06,573', '17:48:06,656')",thanks,videos/ASLVideos/thanks.gif,"('17:48:06,676', '17:48:06,685')","('Boat',)","('17:48:06,582', '17:48:06,732')",Boat,"('17:48:06,897', '17:48:07,009')","('17:48:05,815', '17:48:07,009')"
13,"(0:01:18.831585, 0:01:24.001585)",So you can see right on the river.,"('17:48:15,934', '17:48:16,438')",river,river,"('17:48:16,449', '17:48:16,507')",flood,videos/ASLVideos/flood.gif,"('17:48:16,517', '17:48:16,526')","('Boat',)","('17:48:16,131', '17:48:16,397')",Boat,"('17:48:16,605', '17:48:16,830')","('17:48:15,934', '17:48:16,830')"
14,"(0:01:31.501790, 0:01:32.931790)",And...,"('17:48:24,905', '17:48:25,223')",,,,,,,,,,,
15,"(0:01:33.431830, 0:01:35.831830)",chairs are yellow.,"('17:48:27,810', '17:48:28,343')",chairs,,"('17:48:28,355', '17:48:28,502')",chair,videos/ASLVideos/chair.gif,"('17:48:28,505', '17:48:28,514')","('Boat',)","('17:48:28,279', '17:48:28,427')",Boat,"('17:48:28,543', '17:48:28,868')","('17:48:27,810', '17:48:28,868')"
16,"(0:01:35.701870, 0:01:36.791870)",in the boat.,"('17:48:28,799', '17:48:29,384')",boat,,"('17:48:29,386', '17:48:29,469')",boat,videos/ASLVideos/boat.gif,"('17:48:29,470', '17:48:29,480')","('Boat',)","('17:48:29,449', '17:48:29,511')",Boat,"('17:48:29,564', '17:48:29,769')","('17:48:28,799', '17:48:29,769')"
17,"(0:01:42.861994, 0:01:44.531994)",And the duck is.,"('17:48:36,502', '17:48:36,757')",duck,,"('17:48:36,758', '17:48:36,911')",duck,videos/ASLVideos/duck.gif,"('17:48:36,933', '17:48:36,946')","('Boat',)","('17:48:36,576', '17:48:36,757')",Boat,"('17:48:37,052', '17:48:37,152')","('17:48:36,502', '17:48:37,152')"
18,"(0:01:45.062019, 0:01:46.452019)",Blue.,"('17:48:38,408', '17:48:38,626')",Blue,,"('17:48:38,627', '17:48:38,731')",blue,videos/ASLVideos/blue.gif,"('17:48:38,751', '17:48:38,771')","('Boat',)","('17:48:38,482', '17:48:38,632')",Boat,"('17:48:38,790', '17:48:38,926')","('17:48:38,408', '17:48:38,926')"
19,"(0:01:52.813004, 0:01:55.723004)",The outside of the boat is green.,"('17:48:47,712', '17:48:48,339')",outside,boat,"('17:48:48,342', '17:48:48,480')",outside,videos/ASLVideos/outside.gif,"('17:48:48,481', '17:48:48,492')","('Boat',)","('17:48:48,331', '17:48:48,465')",Boat,"('17:48:48,691', '17:48:48,974')","('17:48:47,712', '17:48:48,974')"
20,"(0:02:08.182401, 0:02:09.252401)",So I just...,"('17:49:01,203', '17:49:01,757')",So,,"('17:49:01,765', '17:49:01,864')",so,videos/ASLVideos/so.gif,"('17:49:01,873', '17:49:01,889')","('Boat',)","('17:49:01,774', '17:49:01,953')",Boat,"('17:49:02,102', '17:49:02,431')","('17:49:01,203', '17:49:02,431')"
21,"(0:02:09.052424, 0:02:10.402424)",moving.,"('17:49:02,410', '17:49:03,025')",moving,,"('17:49:03,039', '17:49:03,137')",movement,videos/ASLVideos/movement.gif,"('17:49:03,166', '17:49:03,176')","('Boat',)","('17:49:03,081', '17:49:03,247')",Boat,"('17:49:03,466', '17:49:03,677')","('17:49:02,410', '17:49:03,677')"
22,"(0:02:10.262441, 0:02:11.882441)",along the river.,"('17:49:03,952', '17:49:04,219')",river,,"('17:49:04,220', '17:49:04,400')",flood,videos/ASLVideos/flood.gif,"('17:49:04,404', '17:49:04,419')","('Boat',)","('17:49:04,171', '17:49:04,317')",Boat,"('17:49:04,557', '17:49:04,806')","('17:49:03,952', '17:49:04,806')"
23,"(0:02:12.882494, 0:02:13.952494)",you,"('17:49:05,900', '17:49:06,441')",,,,,,,,,,,
24,"(0:02:16.202543, 0:02:17.352543)",you,"('17:49:09,347', '17:49:09,722')",,,,,,,,,,,
25,"(0:02:17.052558, 0:02:18.602558)",you,"('17:49:10,612', '17:49:11,252')",,,,,,,,,,,
26,"(0:02:18.472578, 0:02:19.992578)",you,"('17:49:12,001', '17:49:12,502')",,,,,,,,,,,
27,"(0:02:20.472613, 0:02:22.682613)",you,"('17:49:14,626', '17:49:15,332')",,,,,,,,,,,
28,"(0:02:23.292655, 0:02:25.332655)",Okay.,"('17:49:17,322', '17:49:17,926')",,,,,,,,,,,
29,"(0:02:31.452792, 0:02:34.932792)",And then in the river we see a duck.,"('17:49:26,906', '17:49:27,248')",river,duck,"('17:49:27,249', '17:49:27,293')",flood,videos/ASLVideos/flood.gif,"('17:49:27,294', '17:49:27,304')","('Duck',)","('17:49:26,927', '17:49:27,032')",Duck,"('17:49:27,944', '17:49:28,069')","('17:49:26,906', '17:49:28,069')"
30,"(0:02:38.552907, 0:02:40.442907)",The duck is yellow.,"('17:49:32,417', '17:49:32,825')",duck,,"('17:49:32,832', '17:49:32,921')",duck,videos/ASLVideos/duck.gif,"('17:49:32,923', '17:49:32,931')","('Duck',)","('17:49:32,011', '17:49:32,129')",Duck,"('17:49:37,706', '17:49:37,869')","('17:49:32,417', '17:49:37,869')"
31,"(0:02:45.203018, 0:02:47.183018)",It's a huge one.,"('17:49:39,107', '17:49:39,872')",one,,"('17:49:39,879', '17:49:39,937')",one,videos/ASLVideos/one.gif,"('17:49:39,942', '17:49:39,950')","('Duck',)","('17:49:38,730', '17:49:38,804')",Duck,"('17:49:40,255', '17:49:40,429')","('17:49:39,107', '17:49:40,429')"
32,"(0:02:52.543145, 0:02:53.723145)",and,"('17:49:45,707', '17:49:46,313')",,,,,,,,,,,
33,"(0:02:53.573157, 0:02:55.303157)",We're wondering where is...,"('17:49:47,334', '17:49:47,952')",wondering,,"('17:49:47,954', '17:49:48,022')",curious,videos/ASLVideos/curious.gif,"('17:49:48,023', '17:49:48,032')","('Duck',)","('17:49:47,961', '17:49:48,116')",Duck,"('17:49:48,185', '17:49:48,324')","('17:49:47,334', '17:49:48,324')"
34,"(0:02:55.553198, 0:02:56.853198)",It's children.,"('17:49:48,802', '17:49:49,552')",children,,"('17:49:49,560', '17:49:49,710')",children,videos/ASLVideos/children.gif,"('17:49:49,731', '17:49:49,745')","('Duck',)","('17:49:49,493', '17:49:49,678')",Duck,"('17:49:54,175', '17:49:54,357')","('17:49:48,802', '17:49:54,357')"
35,"(0:03:03.963331, 0:03:05.713331)",and see that the dark has.,"('17:49:57,704', '17:49:58,164')",dark,,"('17:49:58,165', '17:49:58,231')",black,videos/ASLVideos/black.gif,"('17:49:58,231', '17:49:58,240')","('Boat',)","('17:49:57,745', '17:49:57,817')",Boat,"('17:49:58,746', '17:49:58,858')","('17:49:57,704', '17:49:58,858')"
36,"(0:03:06.593365, 0:03:08.003365)",a red mount.,"('17:49:59,933', '17:50:00,253')",mount,,"('17:50:00,254', '17:50:00,286')",mountain,videos/ASLVideos/mountain.gif,"('17:50:00,287', '17:50:00,295')","('Duck',)","('17:50:00,033', '17:50:00,222')",Duck,"('17:50:00,363', '17:50:00,673')","('17:49:59,933', '17:50:00,673')"
37,"(0:03:12.433464, 0:03:14.833464)",It looks like it's smelling that nice.,"('17:50:06,807', '17:50:07,267')",looks,smelling,"('17:50:07,269', '17:50:07,393')",look,videos/ASLVideos/look.gif,"('17:50:07,406', '17:50:07,416')","('Boat',)","('17:50:02,468', '17:50:02,633')",Boat,"('17:50:07,528', '17:50:07,699')","('17:50:06,807', '17:50:07,699')"
38,"(0:03:20.533599, 0:03:23.373599)",I also had some fur on the side.,"('17:50:15,315', '17:50:16,214')",fur,fur,"('17:50:16,233', '17:50:16,378')",fur,videos/ASLVideos/fur.gif,"('17:50:16,383', '17:50:16,391')","('Duck',)","('17:50:16,303', '17:50:16,353')",Duck,"('17:50:16,552', '17:50:16,708')","('17:50:15,315', '17:50:16,708')"
39,"(0:03:30.673760, 0:03:34.283760)",and it is swimming along our boat.,"('17:50:26,229', '17:50:26,770')",boat,boat,"('17:50:26,772', '17:50:26,981')",boat,videos/ASLVideos/boat.gif,"('17:50:26,994', '17:50:27,004')","('Duck',)","('17:50:26,250', '17:50:26,366')",Duck,"('17:50:27,181', '17:50:27,327')","('17:50:26,229', '17:50:27,327')"
40,"(0:03:43.743972, 0:03:47.863972)","And you can see the duck is looking sideways, maybe it's looking at us.","('17:50:39,845', '17:50:41,119')",duck,duck,"('17:50:41,126', '17:50:41,318')",duck,videos/ASLVideos/duck.gif,"('17:50:41,321', '17:50:41,336')","('Duck',)","('17:50:40,918', '17:50:41,039')",Duck,"('17:50:41,549', '17:50:41,697')","('17:50:39,845', '17:50:41,697')"
41,"(0:03:56.484181, 0:03:59.534181)",and you can see it wiggles its tails,"('17:50:51,523', '17:50:52,349')",tails,,"('17:50:52,363', '17:50:52,592')",tail,videos/ASLVideos/tail.gif,"('17:50:52,592', '17:50:52,610')","('Duck',)","('17:50:51,967', '17:50:52,090')",Duck,"('17:50:53,705', '17:50:53,860')","('17:50:51,523', '17:50:53,860')"
42,"(0:03:59.524228, 0:04:00.984228)",assessments.,"('17:50:53,005', '17:50:53,588')",assessments,,"('17:50:53,591', '17:50:53,753')",assessment,videos/ASLVideos/assessment.gif,"('17:50:53,757', '17:50:53,767')","('Duck',)","('17:50:51,967', '17:50:52,090')",Duck,"('17:50:54,762', '17:50:54,924')","('17:50:53,005', '17:50:54,924')"
43,"(0:04:11.484421, 0:04:13.334421)",I'm gonna pet the duck.,"('17:51:05,337', '17:51:06,065')",duck,,"('17:51:06,073', '17:51:06,293')",duck,videos/ASLVideos/duck.gif,"('17:51:06,307', '17:51:06,319')","('Duck',)","('17:51:06,163', '17:51:06,326')",Duck,"('17:51:06,352', '17:51:06,596')","('17:51:05,337', '17:51:06,596')"
44,"(0:04:19.934556, 0:04:21.954556)",So also looking up.,"('17:51:13,905', '17:51:14,437')",looking,,"('17:51:14,439', '17:51:14,601')",look,videos/ASLVideos/look.gif,"('17:51:14,629', '17:51:14,648')","('Duck',)","('17:51:13,188', '17:51:13,420')",Duck,"('17:51:17,447', '17:51:17,579')","('17:51:13,905', '17:51:17,579')"
45,"(0:04:23.074601, 0:04:24.754601)",Move to the sky.,"('17:51:16,704', '17:51:17,272')",sky,,"('17:51:17,273', '17:51:17,486')",sky,videos/ASLVideos/sky.gif,"('17:51:17,506', '17:51:17,515')","('Duck',)","('17:51:13,188', '17:51:13,420')",Duck,"('17:51:17,728', '17:51:17,822')","('17:51:16,704', '17:51:17,822')"
46,"(0:04:25.204640, 0:04:26.894640)",There are some birds.,"('17:51:18,866', '17:51:19,375')",birds,,"('17:51:19,390', '17:51:19,525')",bird,videos/ASLVideos/bird.gif,"('17:51:19,538', '17:51:19,549')","('Boat',)","('17:51:18,446', '17:51:18,502')",Boat,"('17:51:20,322', '17:51:20,636')","('17:51:18,866', '17:51:20,636')"
47,"(0:04:26.714662, 0:04:28.024662)",On the sky.,"('17:51:20,030', '17:51:20,565')",sky,,"('17:51:20,566', '17:51:20,602')",sky,videos/ASLVideos/sky.gif,"('17:51:20,603', '17:51:20,613')","('Boat',)","('17:51:18,446', '17:51:18,502')",Boat,"('17:51:22,045', '17:51:22,214')","('17:51:20,030', '17:51:22,214')"
48,"(0:04:27.854677, 0:04:29.274677)",making sounds.,"('17:51:21,314', '17:51:22,102')",sounds,,"('17:51:22,106', '17:51:22,163')",sound,videos/ASLVideos/sound.gif,"('17:51:22,163', '17:51:22,172')","('Boat',)","('17:51:18,446', '17:51:18,502')",Boat,"('17:51:28,201', '17:51:28,342')","('17:51:21,314', '17:51:28,342')"
49,"(0:04:47.214992, 0:04:50.604992)",And then here comes an octopus.,"('17:51:42,539', '17:51:43,141')",octopus,,"('17:51:43,159', '17:51:43,207')",octopus,videos/ASLVideos/octopus.gif,"('17:51:43,208', '17:51:43,220')","('Octopus',)","('17:51:42,854', '17:51:43,045')",Octopus,"('17:51:43,268', '17:51:43,424')","('17:51:42,539', '17:51:43,424')"
50,"(0:04:57.425151, 0:05:00.015151)",The ox post is red.,"('17:51:52,023', '17:51:52,733')",ox,,"('17:51:52,738', '17:51:52,867')",axe,videos/ASLVideos/axe.gif,"('17:51:52,869', '17:51:52,883')","('Firetruck',)","('17:51:52,541', '17:51:52,777')",Firetruck,"('17:51:52,930', '17:51:53,078')","('17:51:52,023', '17:51:53,078')"
51,"(0:05:05.945296, 0:05:08.235296)",It's looking quite angry.,"('17:52:00,209', '17:52:01,012')",looking,angry,"('17:52:01,023', '17:52:01,074')",look,videos/ASLVideos/look.gif,"('17:52:01,075', '17:52:01,087')","('Octopus',)","('17:52:00,194', '17:52:00,255')",Octopus,"('17:52:01,851', '17:52:02,133')","('17:52:00,209', '17:52:02,133')"
52,"(0:05:12.175382, 0:05:14.315382)","t know, maybe it","('17:52:06,314', '17:52:07,235')",know,,"('17:52:07,259', '17:52:07,478')",TRUE,videos/ASLVideos/true.gif,"('17:52:07,479', '17:52:07,491')","('Octopus',)","('17:52:02,370', '17:52:02,474')",Octopus,"('17:52:08,065', '17:52:08,213')","('17:52:06,314', '17:52:08,213')"
53,"(0:05:14.025412, 0:05:15.275412)",Do you think?,"('17:52:07,316', '17:52:07,995')",think,,"('17:52:08,006', '17:52:08,143')",thought,videos/ASLVideos/thought.gif,"('17:52:08,157', '17:52:08,176')","('Octopus',)","('17:52:02,370', '17:52:02,474')",Octopus,"('17:52:11,413', '17:52:11,675')","('17:52:07,316', '17:52:11,675')"
54,"(0:05:22.585547, 0:05:24.465547)",and its legs.,"('17:52:16,443', '17:52:17,240')",legs,,"('17:52:17,241', '17:52:17,378')",leg,videos/ASLVideos/leg.gif,"('17:52:17,390', '17:52:17,404')","('Octopus',)","('17:52:16,102', '17:52:16,290')",Octopus,"('17:52:19,526', '17:52:19,719')","('17:52:16,443', '17:52:19,719')"
55,"(0:05:25.125585, 0:05:27.025585)",I'll curl up.,"('17:52:19,009', '17:52:19,545')",curl,,"('17:52:19,546', '17:52:19,681')",knot,videos/ASLVideos/knot.gif,"('17:52:19,681', '17:52:19,690')","('Octopus',)","('17:52:16,102', '17:52:16,290')",Octopus,"('17:52:19,897', '17:52:20,017')","('17:52:19,009', '17:52:20,017')"
56,"(0:05:40.055827, 0:05:41.785827)",It does it swim.,"('17:52:33,708', '17:52:34,094')",swim,,"('17:52:34,101', '17:52:34,287')",swimming,videos/ASLVideos/swimming.gif,"('17:52:34,311', '17:52:34,325')","('Octopus',)","('17:52:34,254', '17:52:34,335')",Octopus,"('17:52:34,676', '17:52:35,065')","('17:52:33,708', '17:52:35,065')"
57,"(0:05:41.565850, 0:05:42.935850)",as much.,"('17:52:34,907', '17:52:35,383')",much,,"('17:52:35,392', '17:52:35,548')",more,videos/ASLVideos/more.gif,"('17:52:35,549', '17:52:35,559')","('Screwdriver',)","('17:52:35,467', '17:52:35,540')",Screwdriver,"('17:52:35,591', '17:52:35,804')","('17:52:34,907', '17:52:35,804')"
58,"(0:05:43.065877, 0:05:44.505877)",Just stay safe.,"('17:52:36,415', '17:52:36,998')",stay,,"('17:52:37,006', '17:52:37,180')",stop,videos/ASLVideos/stop.gif,"('17:52:37,197', '17:52:37,215')","('Octopus',)","('17:52:36,956', '17:52:37,130')",Octopus,"('17:52:37,347', '17:52:37,479')","('17:52:36,415', '17:52:37,479')"
59,"(0:05:47.655937, 0:05:49.595937)",And observing us.,"('17:52:41,506', '17:52:42,204')",observing,,"('17:52:42,211', '17:52:42,366')",watch,videos/ASLVideos/watch.gif,"('17:52:42,375', '17:52:42,387')","('Firetruck',)","('17:52:41,946', '17:52:42,201')",Firetruck,"('17:52:42,423', '17:52:42,589')","('17:52:41,506', '17:52:42,589')"
60,"(0:05:56.706788, 0:05:59.246788)",I'm gonna take a picture of the octopus.,"('17:52:51,232', '17:52:52,145')",picture,,"('17:52:52,151', '17:52:52,247')",photo,videos/ASLVideos/photo.gif,"('17:52:52,248', '17:52:52,260')","('Octopus',)","('17:52:51,698', '17:52:51,908')",Octopus,"('17:52:52,513', '17:52:52,726')","('17:52:51,232', '17:52:52,726')"
61,"(0:06:11.166317, 0:06:14.276317)",maybe Elsa hasn't slept in.,"('17:53:06,219', '17:53:07,244')",slept,,"('17:53:07,250', '17:53:07,424')",sleep,videos/ASLVideos/sleep.gif,"('17:53:07,437', '17:53:07,453')","('Screwdriver',)","('17:53:07,006', '17:53:07,207')",Screwdriver,"('17:53:08,106', '17:53:08,428')","('17:53:06,219', '17:53:08,428')"
62,"(0:06:14.256368, 0:06:15.756368)","A few days, has to.","('17:53:07,710', '17:53:08,333')",days,,"('17:53:08,335', '17:53:08,408')",day,videos/ASLVideos/day.gif,"('17:53:08,409', '17:53:08,424')","('Screwdriver',)","('17:53:07,006', '17:53:07,207')",Screwdriver,"('17:53:08,635', '17:53:08,883')","('17:53:07,710', '17:53:08,883')"
63,"(0:06:16.346387, 0:06:17.896387)",Dark and the eyes.,"('17:53:09,822', '17:53:10,074')",eyes,,"('17:53:10,075', '17:53:10,209')",eyes,videos/ASLVideos/eyes.gif,"('17:53:10,209', '17:53:10,219')","('Pretzel',)","('17:53:10,154', '17:53:10,234')",Pretzel,"('17:53:11,872', '17:53:12,160')","('17:53:09,822', '17:53:12,160')"
64,"(0:06:27.296557, 0:06:28.486557)",you,"('17:53:20,443', '17:53:20,758')",,,,,,,,,,,
65,"(0:06:30.926615, 0:06:34.456615)","Then, rope, then, outside the river.","('17:53:26,426', '17:53:27,123')",rope,,"('17:53:27,126', '17:53:27,168')",rope,videos/ASLVideos/rope.gif,"('17:53:27,169', '17:53:27,180')","('Elephant',)","('17:53:27,237', '17:53:27,339')",Elephant,"('17:53:27,525', '17:53:27,585')","('17:53:26,426', '17:53:27,585')"
66,"(0:06:34.156661, 0:06:36.826661)",There comes an elephant.,"('17:53:28,817', '17:53:29,299')",elephant,,"('17:53:29,312', '17:53:29,362')",elephant,videos/ASLVideos/elephant.gif,"('17:53:29,362', '17:53:29,374')","('Elephant',)","('17:53:29,247', '17:53:29,324')",Elephant,"('17:53:29,483', '17:53:29,604')","('17:53:28,817', '17:53:29,604')"
67,"(0:06:43.216808, 0:06:45.716808)",It's working really loud.,"('17:53:37,717', '17:53:38,136')",working,,"('17:53:38,144', '17:53:38,295')",work,videos/ASLVideos/work.gif,"('17:53:38,310', '17:53:38,319')","('Elephant',)","('17:53:38,075', '17:53:38,265')",Elephant,"('17:53:38,516', '17:53:38,625')","('17:53:37,717', '17:53:38,625')"
68,"(0:06:46.136858, 0:06:47.246858)",Thank you.,"('17:53:39,341', '17:53:39,989')",Thank,,"('17:53:40,004', '17:53:40,182')",thanks,videos/ASLVideos/thanks.gif,"('17:53:40,187', '17:53:40,196')","('Elephant',)","('17:53:39,995', '17:53:40,094')",Elephant,"('17:53:40,193', '17:53:40,350')","('17:53:39,341', '17:53:40,350')"
69,"(0:06:51.085941, 0:06:54.585941)",And it also wiggles this little tail and walks.,"('17:53:46,541', '17:53:47,011')",tail,,"('17:53:47,012', '17:53:47,248')",tail,videos/ASLVideos/tail.gif,"('17:53:47,261', '17:53:47,277')","('Elephant',)","('17:53:47,030', '17:53:47,119')",Elephant,"('17:53:47,446', '17:53:47,499')","('17:53:46,541', '17:53:47,499')"
70,"(0:06:54.625986, 0:06:55.795986)",Good.,"('17:53:47,742', '17:53:48,227')",Good,,"('17:53:48,236', '17:53:48,385')",good,videos/ASLVideos/good.gif,"('17:53:48,388', '17:53:48,397')","('Elephant',)","('17:53:48,001', '17:53:48,210')",Elephant,"('17:53:48,424', '17:53:48,569')","('17:53:47,742', '17:53:48,569')"
71,"(0:07:00.026070, 0:07:01.096070)",Anyhas.,"('17:53:53,065', '17:53:53,613')",,,,,,,,,,,
72,"(0:07:00.926078, 0:07:02.586078)",big news.,"('17:53:54,532', '17:53:55,024')",news,,"('17:53:55,031', '17:53:55,141')",news,videos/ASLVideos/news.gif,"('17:53:55,146', '17:53:55,166')","('Octopus', 'Elephant')","('17:53:54,986', '17:53:55,184')",Elephant,"('17:53:55,317', '17:53:55,485')","('17:53:54,532', '17:53:55,485')"
73,"(0:07:09.336363, 0:07:12.906363)",It uses this nose to drink water.,"('17:54:04,831', '17:54:05,934')",nose,nose,"('17:54:05,971', '17:54:06,074')",nose,videos/ASLVideos/nose.gif,"('17:54:06,075', '17:54:06,089')","('Elephant',)","('17:54:05,989', '17:54:06,097')",Elephant,"('17:54:06,200', '17:54:06,429')","('17:54:04,831', '17:54:06,429')"
74,"(0:07:20.126381, 0:07:21.556381)",And we're wondering...,"('17:54:13,528', '17:54:14,320')",wondering,,"('17:54:14,328', '17:54:14,505')",curious,videos/ASLVideos/curious.gif,"('17:54:14,506', '17:54:14,523')","('Elephant',)","('17:54:14,383', '17:54:14,559')",Elephant,"('17:54:14,740', '17:54:14,870')","('17:54:13,528', '17:54:14,870')"
75,"(0:07:21.276388, 0:07:23.216388)",and we'll come to the river.,"('17:54:15,233', '17:54:15,882')",river,,"('17:54:15,884', '17:54:16,064')",flood,videos/ASLVideos/flood.gif,"('17:54:16,086', '17:54:16,118')","('Elephant',)","('17:54:16,063', '17:54:16,202')",Elephant,"('17:54:16,262', '17:54:16,561')","('17:54:15,233', '17:54:16,561')"
76,"(0:07:31.466549, 0:07:35.696549)",because when it's leg is lift up,"('17:54:27,636', '17:54:28,505')",leg,,"('17:54:28,508', '17:54:28,590')",leg,videos/ASLVideos/leg.gif,"('17:54:28,591', '17:54:28,607')","('Elephant', 'Elephant')","('17:54:28,288', '17:54:28,502')",Elephant,"('17:54:28,600', '17:54:28,801')","('17:54:27,636', '17:54:28,801')"
77,"(0:07:38.166658, 0:07:39.476658)",So maybe...,"('17:54:31,435', '17:54:32,053')",So,,"('17:54:32,059', '17:54:32,172')",so,videos/ASLVideos/so.gif,"('17:54:32,177', '17:54:32,185')","('Elephant',)","('17:54:31,780', '17:54:31,997')",Elephant,"('17:54:32,433', '17:54:32,507')","('17:54:31,435', '17:54:32,507')"
78,"(0:07:40.116700, 0:07:42.066700)",walking towards us.,"('17:54:34,032', '17:54:34,634')",walking,,"('17:54:34,651', '17:54:34,744')",walk,videos/ASLVideos/walk.gif,"('17:54:34,753', '17:54:34,766')","('Elephant',)","('17:54:34,468', '17:54:34,653')",Elephant,"('17:54:34,887', '17:54:35,029')","('17:54:34,032', '17:54:35,029')"
79,"(0:07:49.676831, 0:07:51.136831)",I also have some,"('17:54:43,131', '17:54:43,972')",have,,"('17:54:43,985', '17:54:44,178')",since,videos/ASLVideos/since.gif,"('17:54:44,196', '17:54:44,209')","('Elephant',)","('17:54:44,096', '17:54:44,185')",Elephant,"('17:54:44,974', '17:54:45,224')","('17:54:43,131', '17:54:45,224')"
80,"(0:07:50.836847, 0:07:51.916847)",Boot Docs.,"('17:54:43,984', '17:54:44,821')",Boot,,"('17:54:44,836', '17:54:45,016')",boots,videos/ASLVideos/boots.gif,"('17:54:45,020', '17:54:45,030')","('Elephant',)","('17:54:45,066', '17:54:45,141')",Elephant,"('17:54:45,526', '17:54:45,801')","('17:54:43,984', '17:54:45,801')"
81,"(0:07:51.956867, 0:07:53.186867)",on his body.,"('17:54:45,144', '17:54:45,809')",body,,"('17:54:45,820', '17:54:45,982')",body,videos/ASLVideos/body.gif,"('17:54:46,005', '17:54:46,015')","('Elephant', 'Elephant')","('17:54:45,918', '17:54:45,997')",Elephant,"('17:54:46,232', '17:54:46,448')","('17:54:45,144', '17:54:46,448')"
82,"(0:08:05.137079, 0:08:06.687079)",You can see,"('17:54:58,636', '17:54:58,949')",see,,"('17:54:58,952', '17:54:59,037')",look,videos/ASLVideos/look.gif,"('17:54:59,038', '17:54:59,051')","('Elephant',)","('17:54:58,970', '17:54:59,028')",Elephant,"('17:54:59,365', '17:54:59,441')","('17:54:58,636', '17:54:59,441')"
83,"(0:08:07.007188, 0:08:10.507188)",s a pretty sunny day outside and it,"('17:55:02,454', '17:55:03,390')",day,sunny,"('17:55:03,400', '17:55:03,520')",day,videos/ASLVideos/day.gif,"('17:55:03,558', '17:55:03,576')","('Elephant', 'Elephant')","('17:55:03,676', '17:55:03,774')",Elephant,"('17:55:03,805', '17:55:04,111')","('17:55:02,454', '17:55:04,111')"
84,"(0:08:10.347141, 0:08:11.687141)",a little pink.,"('17:55:03,625', '17:55:04,199')",little,,"('17:55:04,205', '17:55:04,283')",baby,videos/ASLVideos/baby.gif,"('17:55:04,288', '17:55:04,300')","('Elephant', 'Firetruck')","('17:55:04,180', '17:55:04,302')",Elephant,"('17:55:04,477', '17:55:04,662')","('17:55:03,625', '17:55:04,662')"
85,"(0:08:21.616323, 0:08:23.996323)",I really like the grey colour.,"('17:55:15,934', '17:55:16,662')",colour,,"('17:55:16,672', '17:55:16,723')",colors,videos/ASLVideos/colors.gif,"('17:55:16,736', '17:55:16,745')","('Elephant',)","('17:55:16,372', '17:55:16,645')",Elephant,"('17:55:16,839', '17:55:16,928')","('17:55:15,934', '17:55:16,928')"
86,"(0:08:23.727346, 0:08:25.207346)",I think it's scary.,"('17:55:17,226', '17:55:18,140')",think,scary,"('17:55:18,141', '17:55:18,231')",thought,videos/ASLVideos/thought.gif,"('17:55:18,255', '17:55:18,263')","('Elephant',)","('17:55:17,991', '17:55:18,118')",Elephant,"('17:55:18,451', '17:55:18,563')","('17:55:17,226', '17:55:18,563')"
87,"(0:08:32.997484, 0:08:34.367484)",you,"('17:55:26,338', '17:55:26,730')",,,,,,,,,,,
88,"(0:08:35.687534, 0:08:39.947534)","So, finally we're going back to our house after a long day.","('17:55:31,942', '17:55:33,277')",house,,"('17:55:33,285', '17:55:33,449')",house,videos/ASLVideos/house.gif,"('17:55:33,463', '17:55:33,475')","('Elephant',)","('17:55:32,367', '17:55:32,507')",Elephant,"('17:55:33,494', '17:55:33,754')","('17:55:31,942', '17:55:33,754')"
89,"(0:08:46.227684, 0:08:47.707684)",.,"('17:55:39,627', '17:55:40,319')",,,,,,,,,,,
90,"(0:08:47.667706, 0:08:51.777706)",Then it was windy so the pink flag,"('17:55:43,765', '17:55:44,312')",flag,windy,"('17:55:44,315', '17:55:44,382')",flag,videos/ASLVideos/flag.gif,"('17:55:44,383', '17:55:44,396')","('House',)","('17:55:44,032', '17:55:44,081')",House,"('17:55:47,073', '17:55:47,317')","('17:55:43,765', '17:55:47,317')"
91,"(0:08:53.307799, 0:08:54.507799)",you,"('17:55:46,433', '17:55:47,044')",,,,,,,,,,,
92,"(0:09:00.367901, 0:09:04.967901)",And you turned out like a little.,"('17:55:56,959', '17:55:57,988')",turned,turned,"('17:55:57,999', '17:55:58,162')",turn,videos/ASLVideos/turn.gif,"('17:55:58,168', '17:55:58,182')","('House',)","('17:55:58,140', '17:55:58,284')",House,"('17:55:58,571', '17:55:58,656')","('17:55:56,959', '17:55:58,656')"
93,"(0:09:05.817983, 0:09:08.867983)",when we come back home.,"('17:56:00,829', '17:56:01,707')",come,,"('17:56:01,721', '17:56:01,871')",next,videos/ASLVideos/next.gif,"('17:56:01,877', '17:56:01,888')","('Elephant', 'House')","('17:55:59,341', '17:55:59,507')",House,"('17:56:02,065', '17:56:02,231')","('17:56:00,829', '17:56:02,231')"
94,"(0:09:12.558085, 0:09:15.098085)",and we also open.,"('17:56:07,038', '17:56:07,445')",open,,"('17:56:07,446', '17:56:07,599')",open,videos/ASLVideos/open.gif,"('17:56:07,610', '17:56:07,619')","('House', 'Firetruck')","('17:56:07,482', '17:56:07,622')",House,"('17:56:07,757', '17:56:08,047')","('17:56:07,038', '17:56:08,047')"
95,"(0:09:14.848123, 0:09:15.928123)",up the,"('17:56:07,935', '17:56:08,507')",,,,,,,,,,,
96,"(0:09:15.708293, 0:09:17.178293)",pink curtains,"('17:56:09,232', '17:56:09,845')",curtains,,"('17:56:09,865', '17:56:10,062')",curtain,videos/ASLVideos/curtain.gif,"('17:56:10,082', '17:56:10,094')","('House',)","('17:56:08,844', '17:56:08,952')",House,"('17:56:10,777', '17:56:10,938')","('17:56:09,232', '17:56:10,938')"
97,"(0:09:19.098184, 0:09:21.838184)",since it's such a nice day outside.,"('17:56:13,832', '17:56:14,735')",day,outside,"('17:56:14,739', '17:56:14,861')",day,videos/ASLVideos/day.gif,"('17:56:14,863', '17:56:14,893')","('House',)","('17:56:14,837', '17:56:14,900')",House,"('17:56:14,991', '17:56:15,161')","('17:56:13,832', '17:56:15,161')"
98,"(0:09:23.428253, 0:09:24.468253)",you,"('17:56:16,430', '17:56:16,920')",,,,,,,,,,,
99,"(0:09:28.528324, 0:09:32.028324)",and we put up the pictures on the wall.,"('17:56:23,967', '17:56:24,707')",pictures,,"('17:56:24,716', '17:56:24,946')",photo,videos/ASLVideos/photo.gif,"('17:56:24,947', '17:56:24,959')","('House',)","('17:56:24,840', '17:56:24,950')",House,"('17:56:25,222', '17:56:25,381')","('17:56:23,967', '17:56:25,381')"
100,"(0:09:31.988382, 0:09:34.028382)",from my film trip today.,"('17:56:25,944', '17:56:26,781')",film,,"('17:56:26,782', '17:56:26,965')",film,videos/ASLVideos/film.gif,"('17:56:26,967', '17:56:26,977')","('Firetruck', 'Firetruck')","('17:56:26,151', '17:56:26,464')",Firetruck,"('17:56:29,569', '17:56:29,789')","('17:56:25,944', '17:56:29,789')"
101,"(0:09:37.738465, 0:09:40.548465)",And,"('17:56:32,556', '17:56:33,014')",,,,,,,,,,,
102,"(0:09:40.648510, 0:09:42.728510)",You can see,"('17:56:34,637', '17:56:35,116')",see,,"('17:56:35,120', '17:56:35,249')",look,videos/ASLVideos/look.gif,"('17:56:35,271', '17:56:35,293')","('House',)","('17:56:35,030', '17:56:35,176')",House,"('17:56:35,357', '17:56:35,623')","('17:56:34,637', '17:56:35,623')"
103,"(0:09:42.458542, 0:09:45.148542)",You can see the little elephant here.,"('17:56:37,151', '17:56:37,395')",elephant,elephant,"('17:56:37,396', '17:56:37,626')",elephant,videos/ASLVideos/elephant.gif,"('17:56:37,630', '17:56:37,642')","('House', 'House')","('17:56:36,935', '17:56:36,985')",House,"('17:56:38,027', '17:56:38,328')","('17:56:37,151', '17:56:38,328')"
104,"(0:09:53.068690, 0:09:54.328690)",Bye!,"('17:56:46,256', '17:56:46,704')",,,,,,,,,,,
105,"(0:09:55.288728, 0:09:57.558728)",We also got the...,"('17:56:49,533', '17:56:50,228')",got,,"('17:56:50,237', '17:56:50,348')",on,videos/ASLVideos/on.gif,"('17:56:50,358', '17:56:50,367')","('House',)","('17:56:49,196', '17:56:49,262')",House,"('17:56:50,823', '17:56:50,946')","('17:56:49,533', '17:56:50,946')"
106,"(0:09:57.668756, 0:09:59.058756)","Mmm, okay.","('17:56:51,029', '17:56:51,743')",,,,,,,,,,,
107,"(0:09:59.048784, 0:10:02.078784)",in today.,"('17:56:54,131', '17:56:54,679')",today,,"('17:56:54,681', '17:56:54,790')",today,videos/ASLVideos/today.gif,"('17:56:54,792', '17:56:54,806')","('Elephant',)","('17:56:54,759', '17:56:54,884')",Elephant,"('17:56:55,427', '17:56:55,681')","('17:56:54,131', '17:56:55,681')"
108,"(0:10:09.478935, 0:10:12.498935)",while we were on our field trip.,"('17:57:04,433', '17:57:05,298')",field,trip,"('17:57:05,335', '17:57:05,581')",field,videos/ASLVideos/field.gif,"('17:57:05,589', '17:57:05,601')","('House', 'House')","('17:57:05,501', '17:57:05,554')",House,"('17:57:05,638', '17:57:05,806')","('17:57:04,433', '17:57:05,806')"
109,"(0:10:12.228978, 0:10:16.018978)",some worker came in and painted our roof red.,"('17:57:08,038', '17:57:08,317')",worker,roof,"('17:57:08,318', '17:57:08,550')",colleague,videos/ASLVideos/colleague.gif,"('17:57:08,562', '17:57:08,575')","('House',)","('17:57:08,661', '17:57:08,739')",House,"('17:57:09,155', '17:57:09,249')","('17:57:08,038', '17:57:09,249')"
110,"(0:10:23.659152, 0:10:24.899152)",Okay.,"('17:57:16,828', '17:57:17,472')",,,,,,,,,,,
111,"(0:10:29.279234, 0:10:33.219234)","But then while we're at home, the fire truck came.","('17:57:25,184', '17:57:26,203')",home,truck,"('17:57:26,204', '17:57:26,356')",home,videos/ASLVideos/home.gif,"('17:57:26,367', '17:57:26,381')","('Firetruck', 'House', 'Firetruck')","('17:57:26,146', '17:57:26,288')",House,"('17:57:26,399', '17:57:26,606')","('17:57:25,184', '17:57:26,606')"
112,"(0:10:33.769304, 0:10:35.109304)",Thank you.,"('17:57:27,036', '17:57:27,580')",Thank,,"('17:57:27,582', '17:57:27,680')",thanks,videos/ASLVideos/thanks.gif,"('17:57:27,686', '17:57:27,697')","('Firetruck', 'House', 'House')","('17:57:27,498', '17:57:27,698')",House,"('17:57:27,827', '17:57:27,887')","('17:57:27,036', '17:57:27,887')"
113,"(0:10:39.769389, 0:10:42.399389)",makes the siren sound.,"('17:57:34,330', '17:57:35,029')",siren,,"('17:57:35,040', '17:57:35,097')",siren,videos/ASLVideos/siren.gif,"('17:57:35,106', '17:57:35,116')","('Firetruck', 'Firetruck')","('17:57:34,963', '17:57:35,079')",Firetruck,"('17:57:35,240', '17:57:35,330')","('17:57:34,330', '17:57:35,330')"
114,"(0:10:42.369437, 0:10:44.799437)",Bye!,"('17:57:36,738', '17:57:37,298')",,,,,,,,,,,
115,"(0:10:51.049556, 0:10:53.199556)",stopped at our neighbor's house.,"('17:57:45,133', '17:57:45,826')",neighbor,neighbor,"('17:57:45,839', '17:57:45,923')",neighbor,videos/ASLVideos/neighbor.gif,"('17:57:45,928', '17:57:45,939')","('Firetruck', 'House')","('17:57:45,754', '17:57:45,938')",House,"('17:57:46,041', '17:57:46,265')","('17:57:45,133', '17:57:46,265')"
116,"(0:10:53.159590, 0:10:55.039590)",and we wonder what happened.,"('17:57:47,029', '17:57:47,760')",wonder,wonder,"('17:57:47,772', '17:57:47,905')",curious,videos/ASLVideos/curious.gif,"('17:57:47,913', '17:57:47,925')","('Firetruck', 'House')","('17:57:47,828', '17:57:47,995')",House,"('17:57:48,233', '17:57:48,480')","('17:57:47,029', '17:57:48,480')"
117,"(0:10:59.659741, 0:11:00.899741)",Thank you.,"('17:57:52,833', '17:57:53,283')",Thank,,"('17:57:53,310', '17:57:53,402')",thanks,videos/ASLVideos/thanks.gif,"('17:57:53,404', '17:57:53,424')","('Firetruck', 'House', 'House', 'Firetruck', 'House', 'House')","('17:57:53,387', '17:57:53,458')",House,"('17:57:53,559', '17:57:53,707')","('17:57:52,833', '17:57:53,707')"
118,"(0:11:01.459715, 0:11:03.119715)",So.,"('17:57:55,034', '17:57:55,359')",So,,"('17:57:55,365', '17:57:55,460')",so,videos/ASLVideos/so.gif,"('17:57:55,462', '17:57:55,475')","('Firetruck', 'House', 'House')","('17:57:55,050', '17:57:55,258')",House,"('17:57:55,497', '17:57:55,622')","('17:57:55,034', '17:57:55,622')"
119,"(0:11:03.019726, 0:11:04.649726)",Thank you.,"('17:57:56,630', '17:57:57,439')",Thank,,"('17:57:57,441', '17:57:57,560')",thanks,videos/ASLVideos/thanks.gif,"('17:57:57,564', '17:57:57,587')","('House', 'House', 'House')","('17:57:57,517', '17:57:57,682')",House,"('17:57:57,783', '17:57:58,080')","('17:57:56,630', '17:57:58,080')"
120,"(0:11:09.719834, 0:11:11.849834)",So we came out of the house.,"('17:58:03,853', '17:58:04,721')",house,,"('17:58:04,746', '17:58:04,899')",house,videos/ASLVideos/house.gif,"('17:58:04,909', '17:58:04,919')","('House', 'House')","('17:58:04,809', '17:58:04,992')",House,"('17:58:05,078', '17:58:05,410')","('17:58:03,853', '17:58:05,410')"
121,"(0:11:11.679866, 0:11:12.829866)",from the house.,"('17:58:04,837', '17:58:05,340')",house,,"('17:58:05,349', '17:58:05,464')",house,videos/ASLVideos/house.gif,"('17:58:05,469', '17:58:05,488')","('House', 'House')","('17:58:05,424', '17:58:05,582')",House,"('17:58:05,749', '17:58:05,994')","('17:58:04,837', '17:58:05,994')"
122,"(0:11:16.979940, 0:11:19.989940)",And then we're trying to see what happened.,"('17:58:11,953', '17:58:12,485')",trying,happened,"('17:58:12,487', '17:58:12,604')",stuck,videos/ASLVideos/stuck.gif,"('17:58:12,609', '17:58:12,624')","('Firetruck', 'House')","('17:58:12,281', '17:58:12,513')",Firetruck,"('17:58:12,744', '17:58:12,876')","('17:58:11,953', '17:58:12,876')"
123,"(0:11:19.969992, 0:11:20.979992)",out there.,"('17:58:12,927', '17:58:13,588')",out,,"('17:58:13,602', '17:58:13,795')",in,videos/ASLVideos/in.gif,"('17:58:13,799', '17:58:13,811')","('House', 'Firetruck', 'House')","('17:58:13,416', '17:58:13,591')",House,"('17:58:13,916', '17:58:14,102')","('17:58:12,927', '17:58:14,102')"
124,"(0:11:24.970056, 0:11:26.400056)",And that's a good one.,"('17:58:18,331', '17:58:18,930')",one,,"('17:58:18,939', '17:58:19,061')",one,videos/ASLVideos/one.gif,"('17:58:19,064', '17:58:19,075')","('House', 'House', 'House')","('17:58:18,853', '17:58:18,984')",House,"('17:58:19,083', '17:58:19,487')","('17:58:18,331', '17:58:19,487')"
125,"(0:11:26.360096, 0:11:27.990096)",m glad you,"('17:58:19,934', '17:58:20,253')",glad,,"('17:58:20,254', '17:58:20,510')",thanks,videos/ASLVideos/thanks.gif,"('17:58:20,531', '17:58:20,544')","('Firetruck', 'House', 'House')","('17:58:20,580', '17:58:20,743')",House,"('17:58:20,975', '17:58:21,207')","('17:58:19,934', '17:58:21,207')"
126,"(0:11:27.740105, 0:11:30.940105)","But as we came out, the fire took me.","('17:58:22,935', '17:58:23,674')",fire,,"('17:58:23,676', '17:58:23,726')",fire,videos/ASLVideos/fire.gif,"('17:58:23,727', '17:58:23,740')","('House', 'Firetruck')","('17:58:23,635', '17:58:23,833')",Firetruck,"('17:58:23,952', '17:58:24,188')","('17:58:22,935', '17:58:24,188')"
127,"(0:11:30.840137, 0:11:32.500137)",Draw away.,"('17:58:24,535', '17:58:24,977')",Draw,,"('17:58:24,990', '17:58:25,032')",drawing,videos/ASLVideos/drawing.gif,"('17:58:25,033', '17:58:25,044')","('House', 'House')","('17:58:24,745', '17:58:24,889')",House,"('17:58:25,092', '17:58:25,466')","('17:58:24,535', '17:58:25,466')"
128,"(0:11:36.290227, 0:11:39.660227)",And it turned out that it was just awesome.,"('17:58:31,641', '17:58:32,021')",turned,awesome,"('17:58:32,023', '17:58:32,093')",turn,videos/ASLVideos/turn.gif,"('17:58:32,094', '17:58:32,115')","('House', 'House')","('17:58:32,019', '17:58:32,145')",House,"('17:58:32,257', '17:58:32,463')","('17:58:31,641', '17:58:32,463')"
129,"(0:11:43.700336, 0:11:46.190336)",So we just went back into our office.,"('17:58:38,134', '17:58:38,972')",office,,"('17:58:38,975', '17:58:39,051')",office,videos/ASLVideos/office.gif,"('17:58:39,057', '17:58:39,066')","('House', 'Firetruck')","('17:58:38,826', '17:58:39,028')",House,"('17:58:39,292', '17:58:39,493')","('17:58:38,134', '17:58:39,493')"
130,"(0:11:46.140378, 0:11:47.220378)",Thank you.,"('17:58:39,232', '17:58:39,625')",Thank,,"('17:58:39,632', '17:58:39,748')",thanks,videos/ASLVideos/thanks.gif,"('17:58:39,755', '17:58:39,763')","('House', 'Firetruck', 'House')","('17:58:39,457', '17:58:39,670')",House,"('17:58:39,883', '17:58:40,091')","('17:58:39,232', '17:58:40,091')"
131,"(0:11:46.990384, 0:11:49.220384)",Thank you.,"('17:58:41,247', '17:58:41,895')",Thank,,"('17:58:41,904', '17:58:42,095')",thanks,videos/ASLVideos/thanks.gif,"('17:58:42,101', '17:58:42,112')","('House',)","('17:58:41,983', '17:58:42,063')",House,"('17:58:42,331', '17:58:42,520')","('17:58:41,247', '17:58:42,520')"
132,"(0:11:52.030469, 0:11:54.830469)",And then we saw the bird.,"('17:58:46,768', '17:58:47,407')",bird,,"('17:58:47,414', '17:58:47,508')",bird,videos/ASLVideos/bird.gif,"('17:58:47,509', '17:58:47,527')","('Car', 'House')","('17:58:47,214', '17:58:47,355')",Car,"('17:58:47,564', '17:58:47,711')","('17:58:46,768', '17:58:47,711')"
133,"(0:11:54.710503, 0:11:58.330503)",Stop.,"('17:58:50,250', '17:58:50,615')",Stop,,"('17:58:50,626', '17:58:50,734')",stop,videos/ASLVideos/stop.gif,"('17:58:50,735', '17:58:50,764')","('Firetruck', 'Firetruck')","('17:58:50,633', '17:58:50,761')",Firetruck,"('17:58:50,841', '17:58:50,996')","('17:58:50,250', '17:58:50,996')"
134,"(0:12:04.510643, 0:12:05.790643)",and started.,"('17:58:57,730', '17:58:58,201')",started,,"('17:58:58,210', '17:58:58,319')",beginning,videos/ASLVideos/beginning.gif,"('17:58:58,322', '17:58:58,335')","('Firetruck',)","('17:58:58,206', '17:58:58,293')",Firetruck,"('17:58:58,640', '17:58:58,806')","('17:58:57,730', '17:58:58,806')"
135,"(0:12:05.930660, 0:12:07.340660)","Sorry, okay.","('17:58:59,354', '17:59:00,166')",Sorry,,"('17:59:00,191', '17:59:00,281')",sorry,videos/ASLVideos/sorry.gif,"('17:59:00,288', '17:59:00,302')","('Firetruck',)","('17:58:59,682', '17:58:59,869')",Firetruck,"('17:59:00,349', '17:59:00,476')","('17:58:59,354', '17:59:00,476')"
136,"(0:12:11.120739, 0:12:12.700739)",Alright.,"('17:59:04,629', '17:59:05,174')",,,,,,,,,,,
137,"(0:12:13.770780, 0:12:16.190780)",And he came back.,"('17:59:08,163', '17:59:08,631')",came,,"('17:59:08,637', '17:59:08,705')",next,videos/ASLVideos/next.gif,"('17:59:08,730', '17:59:08,741')","('Firetruck',)","('17:59:08,445', '17:59:08,669')",Firetruck,"('17:59:08,804', '17:59:08,990')","('17:59:08,163', '17:59:08,990')"
138,"(0:12:16.760821, 0:12:18.780821)",Thank you.,"('17:59:10,736', '17:59:11,281')",Thank,,"('17:59:11,295', '17:59:11,427')",thanks,videos/ASLVideos/thanks.gif,"('17:59:11,429', '17:59:11,445')","('House',)","('17:59:10,927', '17:59:11,144')",House,"('17:59:11,463', '17:59:11,538')","('17:59:10,736', '17:59:11,538')"
139,"(0:12:22.060901, 0:12:23.640901)",you,"('17:59:15,633', '17:59:16,057')",,,,,,,,,,,
140,"(0:12:23.440921, 0:12:25.930921)",So we were just looking at the...,"('17:59:17,939', '17:59:18,780')",looking,,"('17:59:18,796', '17:59:18,941')",look,videos/ASLVideos/look.gif,"('17:59:18,957', '17:59:18,971')","('Firetruck',)","('17:59:18,663', '17:59:18,802')",Firetruck,"('17:59:19,126', '17:59:19,383')","('17:59:17,939', '17:59:19,383')"
141,"(0:12:25.940958, 0:12:28.650958)",Fire truck outside of the window.,"('17:59:20,633', '17:59:21,321')",Fire,,"('17:59:21,341', '17:59:21,499')",fire,videos/ASLVideos/fire.gif,"('17:59:21,503', '17:59:21,515')","('House',)","('17:59:21,435', '17:59:21,569')",House,"('17:59:21,775', '17:59:21,991')","('17:59:20,633', '17:59:21,991')"
142,"(0:12:37.081119, 0:12:40.391119)",because we don't want to go back again and then...,"('17:59:32,336', '17:59:33,466')",want,,"('17:59:33,478', '17:59:33,700')",need,videos/ASLVideos/need.gif,"('17:59:33,716', '17:59:33,738')","('Firetruck', 'House')","('17:59:33,750', '17:59:33,833')",House,"('17:59:33,904', '17:59:34,105')","('17:59:32,336', '17:59:34,105')"
143,"(0:12:41.161658, 0:12:42.621658)",Nothing happened.,"('17:59:34,542', '17:59:35,030')",happened,,"('17:59:35,049', '17:59:35,233')",accident,videos/ASLVideos/accident.gif,"('17:59:35,244', '17:59:35,256')","('Firetruck', 'House')","('17:59:35,193', '17:59:35,269')",House,"('17:59:35,494', '17:59:35,578')","('17:59:34,542', '17:59:35,578')"
144,"(0:12:48.871295, 0:12:50.401295)",but this time,"('17:59:42,348', '17:59:42,952')",time,,"('17:59:42,960', '17:59:43,095')",hour,videos/ASLVideos/hour.gif,"('17:59:43,097', '17:59:43,110')","('Firetruck', 'House')","('17:59:42,755', '17:59:42,916')",House,"('17:59:43,121', '17:59:43,245')","('17:59:42,348', '17:59:43,245')"
145,"(0:12:50.221319, 0:12:52.661319)",Someone actually came out of the door.,"('17:59:44,633', '17:59:44,971')",door,,"('17:59:44,977', '17:59:45,055')",door,videos/ASLVideos/door.gif,"('17:59:45,056', '17:59:45,072')","('House', 'Firetruck')","('17:59:44,893', '17:59:44,986')",House,"('17:59:45,161', '17:59:45,260')","('17:59:44,633', '17:59:45,260')"
146,"(0:12:52.861352, 0:12:53.991352)",Thank you.,"('17:59:45,929', '17:59:46,349')",Thank,,"('17:59:46,350', '17:59:46,447')",thanks,videos/ASLVideos/thanks.gif,"('17:59:46,454', '17:59:46,470')","('Firetruck', 'House')","('17:59:46,306', '17:59:46,522')",House,"('17:59:46,634', '17:59:46,792')","('17:59:45,929', '17:59:46,792')"
147,"(0:13:02.181489, 0:13:03.791489)",you,"('17:59:55,731', '17:59:55,946')",,,,,,,,,,,
148,"(0:13:08.081571, 0:13:11.471571)",Then it turns out that next two of the neighbors.,"('18:00:03,547', '18:00:04,380')",neighbors,,"('18:00:04,389', '18:00:04,546')",neighbor,videos/ASLVideos/neighbor.gif,"('18:00:04,551', '18:00:04,562')","('Duck',)","('18:00:04,386', '18:00:04,485')",Duck,"('18:00:04,702', '18:00:04,802')","('18:00:03,547', '18:00:04,802')"
149,"(0:13:13.050638, 0:13:15.150638)",a small blip.,"('18:00:07,162', '18:00:07,768')",blip,,"('18:00:07,781', '18:00:07,925')",oval,videos/ASLVideos/oval.gif,"('18:00:07,945', '18:00:07,959')","('Duck', 'Duck', 'Octopus')","('18:00:07,686', '18:00:07,778')",Duck,"('18:00:08,005', '18:00:08,247')","('18:00:07,162', '18:00:08,247')"
150,"(0:13:14.850666, 0:13:16.030666)",River.,"('18:00:08,038', '18:00:08,636')",River,,"('18:00:08,642', '18:00:08,727')",flood,videos/ASLVideos/flood.gif,"('18:00:08,745', '18:00:08,757')","('Octopus', 'Duck')","('18:00:08,574', '18:00:08,698')",Duck,"('18:00:08,790', '18:00:08,954')","('18:00:08,038', '18:00:08,954')"
151,"(0:13:15.820691, 0:13:16.900691)",And then...,"('18:00:08,849', '18:00:09,472')",then,,"('18:00:09,492', '18:00:09,701')",but,videos/ASLVideos/but.gif,"('18:00:09,717', '18:00:09,740')","('Octopus',)","('18:00:09,579', '18:00:09,751')",Octopus,"('18:00:09,754', '18:00:09,971')","('18:00:08,849', '18:00:09,971')"
152,"(0:13:17.030703, 0:13:18.840703)",the dark and octopus.,"('18:00:10,742', '18:00:11,382')",octopus,,"('18:00:11,388', '18:00:11,623')",octopus,videos/ASLVideos/octopus.gif,"('18:00:11,640', '18:00:11,664')","('Octopus',)","('18:00:11,435', '18:00:11,586')",Octopus,"('18:00:11,784', '18:00:11,960')","('18:00:10,742', '18:00:11,960')"
153,"(0:13:18.890729, 0:13:20.550729)",We're fighting.,"('18:00:12,583', '18:00:13,272')",fighting,,"('18:00:13,277', '18:00:13,358')",fight,videos/ASLVideos/fight.gif,"('18:00:13,358', '18:00:13,369')","('Duck',)","('18:00:13,078', '18:00:13,250')",Duck,"('18:00:13,464', '18:00:13,668')","('18:00:12,583', '18:00:13,668')"
154,"(0:13:21.420771, 0:13:22.480771)",Thanks for watching.,"('18:00:14,451', '18:00:14,941')",Thanks,,"('18:00:14,956', '18:00:15,089')",thanks,videos/ASLVideos/thanks.gif,"('18:00:15,102', '18:00:15,114')","('Octopus',)","('18:00:14,948', '18:00:15,078')",Octopus,"('18:00:15,275', '18:00:15,531')","('18:00:14,451', '18:00:15,531')"
155,"(0:13:28.130862, 0:13:32.020862)",so the octopus was trying to catch the duck.,"('18:00:23,965', '18:00:24,725')",octopus,,"('18:00:24,727', '18:00:24,831')",octopus,videos/ASLVideos/octopus.gif,"('18:00:24,839', '18:00:24,852')","('Octopus', 'Duck', 'Duck')","('18:00:24,481', '18:00:24,643')",Octopus,"('18:00:25,003', '18:00:25,080')","('18:00:23,965', '18:00:25,080')"
156,"(0:13:34.950966, 0:13:37.140966)",using this leg.,"('18:00:29,041', '18:00:29,671')",leg,,"('18:00:29,673', '18:00:29,753')",leg,videos/ASLVideos/leg.gif,"('18:00:29,756', '18:00:29,770')","('Duck',)","('18:00:29,690', '18:00:29,793')",Duck,"('18:00:29,925', '18:00:29,997')","('18:00:29,041', '18:00:29,997')"
157,"(0:13:42.101069, 0:13:43.321069)",you,"('18:00:35,247', '18:00:35,797')",,,,,,,,,,,
158,"(0:13:44.561097, 0:13:47.361097)",And then the duck is trying to run away from it.,"('18:00:39,359', '18:00:39,871')",duck,,"('18:00:39,874', '18:00:40,059')",duck,videos/ASLVideos/duck.gif,"('18:00:40,060', '18:00:40,080')","('Duck', 'Octopus')","('18:00:40,000', '18:00:40,137')",Duck,"('18:00:40,373', '18:00:40,522')","('18:00:39,359', '18:00:40,522')"
159,"(0:13:55.861263, 0:13:59.721263)",So we thought this is the same octopus.,"('18:00:51,657', '18:00:52,782')",octopus,,"('18:00:52,788', '18:00:52,907')",octopus,videos/ASLVideos/octopus.gif,"('18:00:52,909', '18:00:52,955')","('Octopus', 'Duck', 'Screwdriver')","('18:00:52,718', '18:00:52,825')",Octopus,"('18:00:52,938', '18:00:53,129')","('18:00:51,657', '18:00:53,129')"
160,"(0:13:59.551327, 0:14:01.151327)",We saw today.,"('18:00:53,177', '18:00:53,809')",today,,"('18:00:53,816', '18:00:54,010')",today,videos/ASLVideos/today.gif,"('18:00:54,038', '18:00:54,054')","('Octopus',)","('18:00:54,011', '18:00:54,072')",Octopus,"('18:00:54,175', '18:00:54,272')","('18:00:53,177', '18:00:54,272')"
161,"(0:14:04.901397, 0:14:06.371397)",because it is,"('18:00:58,346', '18:00:59,052')",is,,"('18:00:59,068', '18:00:59,211')",not,videos/ASLVideos/not.gif,"('18:00:59,212', '18:00:59,231')","('Duck', 'Woman')","('18:00:59,102', '18:00:59,278')",Duck,"('18:00:59,514', '18:00:59,649')","('18:00:58,346', '18:00:59,649')"
162,"(0:14:06.142298, 0:14:08.802298)",very distinguishable eyes.,"('18:01:00,869', '18:01:01,306')",eyes,,"('18:01:01,308', '18:01:01,387')",eyes,videos/ASLVideos/eyes.gif,"('18:01:01,388', '18:01:01,404')","('Duck', 'Octopus')","('18:01:01,405', '18:01:01,532')",Octopus,"('18:01:01,650', '18:01:01,773')","('18:01:00,869', '18:01:01,773')"
163,"(0:14:16.941570, 0:14:19.601570)",And it's also the same duck.,"('18:01:11,555', '18:01:12,431')",duck,,"('18:01:12,438', '18:01:12,609')",duck,videos/ASLVideos/duck.gif,"('18:01:12,609', '18:01:12,620')","('Duck', 'Octopus')","('18:01:12,503', '18:01:12,662')",Duck,"('18:01:12,854', '18:01:13,119')","('18:01:11,555', '18:01:13,119')"
164,"(0:14:22.811650, 0:14:23.851650)",Because...,"('18:01:15,842', '18:01:16,396')",,,,,,,,,,,
165,"(0:14:23.551674, 0:14:26.641674)",s huge and it,"('18:01:18,667', '18:01:19,624')",looking,,"('18:01:19,643', '18:01:19,846')",look,videos/ASLVideos/look.gif,"('18:01:19,850', '18:01:19,865')","('Octopus', 'Duck')","('18:01:19,817', '18:01:19,887')",Duck,"('18:01:20,105', '18:01:20,267')","('18:01:18,667', '18:01:20,267')"
166,"(0:14:26.461711, 0:14:27.661711)",at the sky.,"('18:01:19,661', '18:01:20,285')",sky,,"('18:01:20,300', '18:01:20,470')",sky,videos/ASLVideos/sky.gif,"('18:01:20,496', '18:01:20,508')","('Octopus', 'Duck')","('18:01:20,324', '18:01:20,461')",Duck,"('18:01:20,673', '18:01:20,816')","('18:01:19,661', '18:01:20,816')"
167,"(0:14:36.371857, 0:14:39.811857)",So we run over there by the river again.,"('18:01:31,769', '18:01:32,346')",river,,"('18:01:32,348', '18:01:32,393')",flood,videos/ASLVideos/flood.gif,"('18:01:32,394', '18:01:32,404')","('Duck',)","('18:01:32,224', '18:01:32,278')",Duck,"('18:01:32,454', '18:01:32,655')","('18:01:31,769', '18:01:32,655')"
168,"(0:14:40.631916, 0:14:42.991916)",And I wanted to see what's happening.,"('18:01:34,946', '18:01:35,570')",wanted,happening,"('18:01:35,574', '18:01:35,778')",full,videos/ASLVideos/full.gif,"('18:01:35,780', '18:01:35,793')","('Pretzel', 'Duck')","('18:01:35,427', '18:01:35,585')",Duck,"('18:01:37,582', '18:01:37,781')","('18:01:34,946', '18:01:37,781')"
169,"(0:14:53.432105, 0:14:57.652105)",And it turns out that the octopus just wants to make friends with the duck.,"('18:01:49,655', '18:01:50,347')",octopus,,"('18:01:50,350', '18:01:50,497')",octopus,videos/ASLVideos/octopus.gif,"('18:01:50,500', '18:01:50,509')","('Octopus',)","('18:01:50,464', '18:01:50,651')",Octopus,"('18:01:50,848', '18:01:51,191')","('18:01:49,655', '18:01:51,191')"
170,"(0:15:07.532306, 0:15:11.582306)",Do you want to make friends with the little duck or the huge duck?,"('18:02:03,577', '18:02:04,577')",friends,,"('18:02:04,587', '18:02:04,776')",friendship,videos/ASLVideos/friendship.gif,"('18:02:04,781', '18:02:04,795')","('Octopus', 'Pretzel', 'Screwdriver')","('18:02:04,399', '18:02:04,573')",Octopus,"('18:02:04,890', '18:02:04,987')","('18:02:03,577', '18:02:04,987')"
171,"(0:15:21.872509, 0:15:24.182509)",So then they got along.,"('18:02:16,148', '18:02:16,729')",got,,"('18:02:16,745', '18:02:16,896')",on,videos/ASLVideos/on.gif,"('18:02:16,906', '18:02:16,915')","('Octopus',)","('18:02:16,745', '18:02:16,825')",Octopus,"('18:02:16,921', '18:02:17,134')","('18:02:16,148', '18:02:17,134')"
172,"(0:15:43.402819, 0:15:47.752819)",So they went back home together.,"('18:02:39,756', '18:02:40,449')",went,,"('18:02:40,454', '18:02:40,735')",go,videos/ASLVideos/go.gif,"('18:02:40,751', '18:02:40,760')","('Elephant', 'Boat')","('18:02:40,688', '18:02:40,748')",Elephant,"('18:02:40,837', '18:02:41,028')","('18:02:39,756', '18:02:41,028')"
173,"(0:15:47.932881, 0:15:49.532881)",The elephant.,"('18:02:41,460', '18:02:41,873')",elephant,,"('18:02:41,881', '18:02:41,940')",elephant,videos/ASLVideos/elephant.gif,"('18:02:41,941', '18:02:41,949')","('Boat', 'Elephant')","('18:02:41,775', '18:02:41,895')",Elephant,"('18:02:42,065', '18:02:42,135')","('18:02:41,460', '18:02:42,135')"
174,"(0:15:49.472884, 0:15:52.182884)",It's on the road again.,"('18:02:44,172', '18:02:44,909')",road,,"('18:02:44,916', '18:02:45,111')",road,videos/ASLVideos/road.gif,"('18:02:45,132', '18:02:45,142')","('Boat', 'Elephant')","('18:02:44,875', '18:02:45,045')",Boat,"('18:02:45,231', '18:02:45,428')","('18:02:44,172', '18:02:45,428')"
175,"(0:15:58.603035, 0:16:00.743035)",Do other toys,"('18:02:52,652', '18:02:53,005')",toys,,"('18:02:53,007', '18:02:53,073')",toy,videos/ASLVideos/toy.gif,"('18:02:53,074', '18:02:53,092')","('Boat', 'Elephant')","('18:02:52,842', '18:02:53,101')",Elephant,"('18:02:53,363', '18:02:53,603')","('18:02:52,652', '18:02:53,603')"
176,"(0:16:00.783072, 0:16:01.903072)",in the boat.,"('18:02:53,848', '18:02:54,501')",boat,,"('18:02:54,505', '18:02:54,684')",boat,videos/ASLVideos/boat.gif,"('18:02:54,692', '18:02:54,709')","('Boat', 'Elephant')","('18:02:54,199', '18:02:54,459')",Boat,"('18:02:54,781', '18:02:54,938')","('18:02:53,848', '18:02:54,938')"
177,"(0:16:01.853087, 0:16:04.233087)",That's all the other thing.,"('18:02:56,253', '18:02:56,821')",thing,,"('18:02:56,835', '18:02:56,950')",thing,videos/ASLVideos/thing.gif,"('18:02:56,951', '18:02:56,959')","('Elephant', 'Boat')","('18:02:57,050', '18:02:57,113')",Boat,"('18:02:57,164', '18:02:57,365')","('18:02:56,253', '18:02:57,365')"
178,"(0:16:07.673172, 0:16:10.213172)",and they were taking pictures from the zoo.,"('18:03:02,158', '18:03:02,724')",pictures,,"('18:03:02,736', '18:03:02,821')",photo,videos/ASLVideos/photo.gif,"('18:03:02,822', '18:03:02,831')","('Boat', 'Elephant')","('18:03:02,900', '18:03:02,981')",Boat,"('18:03:03,056', '18:03:03,248')","('18:03:02,158', '18:03:03,248')"
179,"(0:16:11.353222, 0:16:13.553222)","I said, I was saying, what was the lambda, no.","('18:03:05,546', '18:03:06,274')",lambda,,"('18:03:06,275', '18:03:06,388')",dragon,videos/ASLVideos/dragon.gif,"('18:03:06,391', '18:03:06,400')","('Boat', 'Elephant')","('18:03:06,244', '18:03:06,457')",Boat,"('18:03:06,793', '18:03:07,006')","('18:03:05,546', '18:03:07,006')"
180,"(0:16:13.303250, 0:16:14.323250)",No.,"('18:03:06,367', '18:03:06,833')",,,,,,,,,,,
181,"(0:16:22.083382, 0:16:26.253382)",a lot of people just trying to drive their boat. What's that like?,"('18:03:18,267', '18:03:18,799')",like,,"('18:03:18,801', '18:03:18,910')",similar,videos/ASLVideos/similar.gif,"('18:03:18,913', '18:03:18,929')","('Elephant', 'Boat')","('18:03:18,909', '18:03:18,999')",Boat,"('18:03:19,073', '18:03:19,267')","('18:03:18,267', '18:03:19,267')"
182,"(0:16:26.163455, 0:16:27.393455)",Okay.,"('18:03:19,496', '18:03:20,055')",,,,,,,,,,,
183,"(0:16:29.673483, 0:16:34.193483)",Because it's rare to see only one elephant on this one.,"('18:03:26,185', '18:03:26,989')",elephant,,"('18:03:26,992', '18:03:27,092')",elephant,videos/ASLVideos/elephant.gif,"('18:03:27,093', '18:03:27,107')","('Elephant', 'Boat')","('18:03:26,838', '18:03:26,934')",Elephant,"('18:03:27,186', '18:03:27,356')","('18:03:26,185', '18:03:27,356')"
184,"(0:16:34.553551, 0:16:35.603551)",you,"('18:03:27,578', '18:03:27,906')",,,,,,,,,,,
185,"(0:16:36.143574, 0:16:38.963574)",I usually bunch of them together.,"('18:03:30,955', '18:03:31,905')",bunch,,"('18:03:31,917', '18:03:32,035')",group,videos/ASLVideos/group.gif,"('18:03:32,046', '18:03:32,068')","('Boat', 'Elephant')","('18:03:31,787', '18:03:31,862')",Boat,"('18:03:32,086', '18:03:32,193')","('18:03:30,955', '18:03:32,193')"
186,"(0:16:47.253740, 0:16:49.383740)",So the elephant also stopped.,"('18:03:41,362', '18:03:42,208')",elephant,elephant,"('18:03:42,221', '18:03:42,277')",elephant,videos/ASLVideos/elephant.gif,"('18:03:42,288', '18:03:42,299')","('Boat', 'Elephant', 'Elephant')","('18:03:42,101', '18:03:42,232')",Elephant,"('18:03:42,341', '18:03:42,598')","('18:03:41,362', '18:03:42,598')"
187,"(0:16:50.093782, 0:16:51.243782)",She's...,"('18:03:43,143', '18:03:43,420')",,,,,,,,,,,
188,"(0:16:50.943794, 0:16:52.003794)",Cures.,"('18:03:43,946', '18:03:44,562')",Cures,,"('18:03:44,564', '18:03:44,598')",remedy,videos/ASLVideos/remedy.gif,"('18:03:44,598', '18:03:44,607')","('Boat', 'Elephant')","('18:03:44,494', '18:03:44,551')",Boat,"('18:03:44,619', '18:03:44,814')","('18:03:43,946', '18:03:44,814')"
189,"(0:16:52.193812, 0:16:54.543812)",a lot of noise and it's,"('18:03:46,455', '18:03:47,072')",lot,,"('18:03:47,074', '18:03:47,135')",enough,videos/ASLVideos/enough.gif,"('18:03:47,138', '18:03:47,147')","('Boat', 'Elephant')","('18:03:47,227', '18:03:47,324')",Elephant,"('18:03:47,333', '18:03:47,845')","('18:03:46,455', '18:03:47,845')"
190,"(0:16:54.473849, 0:16:55.493849)",Ewes,"('18:03:47,472', '18:03:48,098')",E,,"('18:03:48,108', '18:03:48,220')",sheep,videos/ASLVideos/sheep.gif,"('18:03:48,222', '18:03:48,230')","('Boat',)","('18:03:48,041', '18:03:48,151')",Boat,"('18:03:48,300', '18:03:48,432')","('18:03:47,472', '18:03:48,432')"
191,"(0:16:59.773918, 0:17:04.133918)",And he turned around and also was wondering what was happening.,"('18:03:56,069', '18:03:56,570')",turned,turned,"('18:03:56,572', '18:03:56,628')",turn,videos/ASLVideos/turn.gif,"('18:03:56,629', '18:03:56,638')","('Boat', 'Octopus')","('18:03:56,457', '18:03:56,629')",Boat,"('18:03:56,827', '18:03:57,043')","('18:03:56,069', '18:03:57,043')"
192,"(0:17:10.174069, 0:17:14.774069)",Miss Blue Eyes is looking at the people in the boat.,"('18:04:06,755', '18:04:07,778')",people,boat,"('18:04:07,781', '18:04:07,872')",people,videos/ASLVideos/people.gif,"('18:04:07,873', '18:04:07,882')","('Boat', 'Elephant')","('18:04:07,518', '18:04:07,603')",Elephant,"('18:04:07,924', '18:04:08,018')","('18:04:06,755', '18:04:08,018')"
193,"(0:17:21.264235, 0:17:23.754235)",as if it's telling them to.,"('18:04:15,749', '18:04:16,095')",telling,,"('18:04:16,097', '18:04:16,143')",lie,videos/ASLVideos/lie.gif,"('18:04:16,144', '18:04:16,188')","('Boat',)","('18:04:15,888', '18:04:16,032')",Boat,"('18:04:16,225', '18:04:16,428')","('18:04:15,749', '18:04:16,428')"
194,"(0:17:24.214260, 0:17:25.374260)",Stop taking pictures.,"('18:04:17,348', '18:04:17,880')",pictures,stop,"('18:04:17,881', '18:04:17,953')",photo,videos/ASLVideos/photo.gif,"('18:04:17,954', '18:04:17,965')","('Boat', 'Elephant')","('18:04:17,897', '18:04:17,953')",Boat,"('18:04:18,121', '18:04:18,195')","('18:04:17,348', '18:04:18,195')"
195,"(0:17:25.654289, 0:17:27.124289)",It's not that weird.,"('18:04:19,053', '18:04:19,541')",weird,,"('18:04:19,542', '18:04:19,581')",strange,videos/ASLVideos/strange.gif,"('18:04:19,582', '18:04:19,594')","('Boat', 'Firetruck', 'Elephant')","('18:04:19,544', '18:04:19,619')",Boat,"('18:04:19,827', '18:04:19,909')","('18:04:19,053', '18:04:19,909')"
196,"(0:17:27.434315, 0:17:28.924315)",It's just taking...,"('18:04:20,872', '18:04:21,376')",taking,,"('18:04:21,389', '18:04:21,498')",trip,videos/ASLVideos/trip.gif,"('18:04:21,515', '18:04:21,531')","('Boat', 'Elephant')","('18:04:21,304', '18:04:21,398')",Boat,"('18:04:21,729', '18:04:21,770')","('18:04:20,872', '18:04:21,770')"
197,"(0:17:29.004339, 0:17:32.524339)",I walk on the floor with a sunny day.,"('18:04:24,454', '18:04:25,193')",floor,,"('18:04:25,194', '18:04:25,360')",floor,videos/ASLVideos/floor.gif,"('18:04:25,366', '18:04:25,377')","('Boat', 'Elephant')","('18:04:25,132', '18:04:25,383')",Elephant,"('18:04:25,559', '18:04:25,742')","('18:04:24,454', '18:04:25,742')"
198,"(0:17:37.524463, 0:17:40.394463)",So just quick on this town.,"('18:04:32,360', '18:04:33,017')",town,,"('18:04:33,025', '18:04:33,208')",city,videos/ASLVideos/city.gif,"('18:04:33,226', '18:04:33,238')","('Elephant', 'Boat')","('18:04:33,134', '18:04:33,309')",Boat,"('18:04:33,543', '18:04:33,650')","('18:04:32,360', '18:04:33,650')"
199,"(0:17:41.674522, 0:17:44.124522)",And then continue to walk away.,"('18:04:36,053', '18:04:36,808')",continue,walk,"('18:04:36,822', '18:04:36,947')",stops,videos/ASLVideos/stops.gif,"('18:04:36,949', '18:04:36,960')","('Elephant', 'Firetruck', 'Boat')","('18:04:37,052', '18:04:37,119')",Boat,"('18:04:37,216', '18:04:37,476')","('18:04:36,053', '18:04:37,476')"
200,"(0:17:44.904556, 0:17:46.124556)",Thank you.,"('18:04:38,065', '18:04:38,569')",Thank,,"('18:04:38,578', '18:04:38,692')",thanks,videos/ASLVideos/thanks.gif,"('18:04:38,705', '18:04:38,715')","('Boat', 'Elephant')","('18:04:38,879', '18:04:38,929')",Elephant,"('18:04:38,971', '18:04:39,262')","('18:04:38,065', '18:04:39,262')"
201,"(0:17:52.644677, 0:17:53.644677)",Thank you.,"('18:04:45,557', '18:04:45,968')",Thank,,"('18:04:45,974', '18:04:46,142')",thanks,videos/ASLVideos/thanks.gif,"('18:04:46,160', '18:04:46,173')","('Boat', 'Elephant')","('18:04:46,030', '18:04:46,187')",Elephant,"('18:04:46,429', '18:04:46,503')","('18:04:45,557', '18:04:46,503')"
202,"(0:17:53.924689, 0:17:55.954689)",So the mouth also starts.,"('18:04:47,947', '18:04:48,724')",mouth,,"('18:04:48,726', '18:04:48,832')",mouth,videos/ASLVideos/mouth.gif,"('18:04:48,833', '18:04:48,848')","('Boat', 'Elephant', 'Elephant')","('18:04:48,547', '18:04:48,785')",Elephant,"('18:04:48,959', '18:04:49,084')","('18:04:47,947', '18:04:49,084')"
203,"(0:17:56.844737, 0:17:59.774737)",to dry away as the elephant goes.,"('18:04:51,783', '18:04:52,639')",elephant,,"('18:04:52,645', '18:04:52,708')",elephant,videos/ASLVideos/elephant.gif,"('18:04:52,709', '18:04:52,724')","('Boat', 'Elephant')","('18:04:52,686', '18:04:52,773')",Elephant,"('18:04:52,823', '18:04:52,983')","('18:04:51,783', '18:04:52,983')"
204,"(0:18:05.644856, 0:18:07.074856)",Okay.,"('18:04:59,052', '18:04:59,724')",,,,,,,,,,,
205,"(0:18:12.484957, 0:18:13.814957)",you,"('18:05:05,750', '18:05:06,288')",,,,,,,,,,,
206,"(0:18:15.044996, 0:18:16.264996)",Bye!,"('18:05:08,244', '18:05:08,648')",,,,,,,,,,,
207,"(0:18:31.275228, 0:18:32.595228)",Thank you.,"('18:05:24,555', '18:05:25,144')",Thank,,"('18:05:25,171', '18:05:25,366')",thanks,videos/ASLVideos/thanks.gif,"('18:05:25,405', '18:05:25,424')","('Boat', 'Elephant')","('18:05:25,070', '18:05:25,287')",Elephant,"('18:05:25,602', '18:05:25,859')","('18:05:24,555', '18:05:25,859')"
208,"(0:18:34.485262, 0:18:41.715262)","m just making off some weird stories. Yeah, that","('18:05:33,683', '18:05:34,300')",described,stories,"('18:05:34,303', '18:05:34,484')",summary,videos/ASLVideos/summary.gif,"('18:05:34,502', '18:05:34,513')","('Boat', 'Elephant', 'Car')","('18:05:33,891', '18:05:34,176')",Car,"('18:05:34,568', '18:05:34,643')","('18:05:33,683', '18:05:34,643')"